{
    "total_runtime": 695.1489019393921,
    "num_documents": 1,
    "input_load_time": 0,
    "workflows": {
        "create_base_text_units": {
            "overall": 0.13806939125061035,
            "0_orderby": 0.001505136489868164,
            "1_zip": 0.0020034313201904297,
            "2_aggregate_override": 0.0019996166229248047,
            "3_chunk": 0.1106257438659668,
            "4_select": 0.0020606517791748047,
            "5_unroll": 0.0031974315643310547,
            "6_rename": 0.0009999275207519531,
            "7_genid": 0.0029997825622558594,
            "8_unzip": 0.002000093460083008,
            "9_copy": 0.003173828125,
            "10_filter": 0.00650334358215332
        },
        "create_base_extracted_entities": {
            "overall": 600.1957862377167,
            "0_entity_extract": 600.1771278381348,
            "1_merge_graphs": 0.01565837860107422
        },
        "create_summarized_entities": {
            "overall": 46.058112382888794,
            "0_summarize_descriptions": 46.05611300468445
        },
        "create_base_entity_graph": {
            "overall": 0.05407905578613281,
            "0_cluster_graph": 0.04707217216491699,
            "1_select": 0.004003763198852539
        },
        "create_final_entities": {
            "overall": 5.232102870941162,
            "0_unpack_graph": 0.011538028717041016,
            "1_rename": 0.003003358840942383,
            "2_select": 0.003999948501586914,
            "3_dedupe": 0.004507541656494141,
            "4_rename": 0.0039997100830078125,
            "5_filter": 0.011056900024414062,
            "6_text_split": 0.007043361663818359,
            "7_drop": 0.004998207092285156,
            "8_merge": 0.025838851928710938,
            "9_text_embed": 5.133098125457764,
            "10_drop": 0.005505800247192383,
            "11_filter": 0.013512372970581055
        },
        "create_final_nodes": {
            "overall": 0.1512911319732666,
            "0_layout_graph": 0.043102264404296875,
            "1_unpack_graph": 0.019017934799194336,
            "2_unpack_graph": 0.013508081436157227,
            "3_filter": 0.013508081436157227,
            "4_drop": 0.006040334701538086,
            "5_select": 0.005508899688720703,
            "6_rename": 0.005504131317138672,
            "7_join": 0.009068727493286133,
            "8_convert": 0.02552318572998047,
            "9_rename": 0.0050008296966552734
        },
        "create_final_communities": {
            "overall": 0.14882469177246094,
            "0_unpack_graph": 0.014013528823852539,
            "1_unpack_graph": 0.013045787811279297,
            "2_aggregate_override": 0.0075109004974365234,
            "3_join": 0.009063243865966797,
            "4_join": 0.009507417678833008,
            "5_concat": 0.00700068473815918,
            "6_filter": 0.017528057098388672,
            "7_aggregate_override": 0.008054733276367188,
            "8_join": 0.009557485580444336,
            "9_filter": 0.017009735107421875,
            "10_fill": 0.007002830505371094,
            "11_merge": 0.007508277893066406,
            "12_copy": 0.0075113773345947266,
            "13_select": 0.008511066436767578
        },
        "join_text_units_to_entity_ids": {
            "overall": 0.0328977108001709,
            "0_select": 0.007507801055908203,
            "1_unroll": 0.008506298065185547,
            "2_aggregate_override": 0.009376287460327148
        },
        "create_final_relationships": {
            "overall": 0.12314510345458984,
            "0_unpack_graph": 0.01907968521118164,
            "1_filter": 0.02116990089416504,
            "2_rename": 0.008267879486083984,
            "3_filter": 0.01915454864501953,
            "4_drop": 0.00851297378540039,
            "5_compute_edge_combined_degree": 0.011064767837524414,
            "6_convert": 0.0188291072845459,
            "7_convert": 0.00955820083618164
        },
        "join_text_units_to_relationship_ids": {
            "overall": 0.048310279846191406,
            "0_select": 0.009510517120361328,
            "1_unroll": 0.009038209915161133,
            "2_aggregate_override": 0.01178598403930664,
            "3_select": 0.009509563446044922
        },
        "create_final_community_reports": {
            "overall": 40.15172219276428,
            "0_prepare_community_reports_nodes": 0.011507272720336914,
            "1_prepare_community_reports_edges": 0.011509418487548828,
            "2_restore_community_hierarchy": 0.011510372161865234,
            "3_prepare_community_reports": 0.0302276611328125,
            "4_create_community_reports": 40.068371057510376,
            "5_window": 0.009506464004516602
        },
        "create_final_text_units": {
            "overall": 0.08319330215454102,
            "0_select": 0.010508537292480469,
            "1_rename": 0.009503364562988281,
            "2_join": 0.013018131256103516,
            "3_join": 0.01450490951538086,
            "4_aggregate_override": 0.01252436637878418,
            "5_select": 0.013068675994873047
        },
        "create_base_documents": {
            "overall": 0.1246480941772461,
            "0_unroll": 0.012508630752563477,
            "1_select": 0.011047601699829102,
            "2_rename": 0.012017250061035156,
            "3_join": 0.014012336730957031,
            "4_aggregate_override": 0.011506319046020508,
            "5_join": 0.015012264251708984,
            "6_rename": 0.01250910758972168,
            "7_convert": 0.025014162063598633
        },
        "create_final_documents": {
            "overall": 0.02391982078552246,
            "0_rename": 0.012413740158081055
        }
    }
}